{
    "class_name": "Sequential",
    "config": {
        "name": "sequential",
        "layers": [
            {
                "class_name": "InputLayer",
                "config": {
                    "batch_input_shape": [
                        null,
                        8
                    ],
                    "dtype": "float32",
                    "sparse": false,
                    "ragged": false,
                    "name": "dense_input"
                }
            },
            {
                "class_name": "Dense",
                "config": {
                    "name": "dense",
                    "trainable": true,
                    "dtype": "float32",
                    "batch_input_shape": [
                        null,
                        8
                    ],
                    "units": 32,
                    "activation": "relu",
                    "use_bias": true,
                    "kernel_initializer": {
                        "class_name": "GlorotUniform",
                        "config": {
                            "seed": null
                        }
                    },
                    "bias_initializer": {
                        "class_name": "Zeros",
                        "config": {}
                    },
                    "kernel_regularizer": null,
                    "bias_regularizer": null,
                    "activity_regularizer": null,
                    "kernel_constraint": null,
                    "bias_constraint": null
                }
            },
            {
                "class_name": "Dense",
                "config": {
                    "name": "dense_1",
                    "trainable": true,
                    "dtype": "float32",
                    "batch_input_shape": [
                        null,
                        32
                    ],
                    "units": 64,
                    "activation": "relu",
                    "use_bias": true,
                    "kernel_initializer": {
                        "class_name": "GlorotUniform",
                        "config": {
                            "seed": null
                        }
                    },
                    "bias_initializer": {
                        "class_name": "Zeros",
                        "config": {}
                    },
                    "kernel_regularizer": null,
                    "bias_regularizer": null,
                    "activity_regularizer": null,
                    "kernel_constraint": null,
                    "bias_constraint": null
                }
            },
            {
                "class_name": "Dense",
                "config": {
                    "name": "dense_2",
                    "trainable": true,
                    "dtype": "float32",
                    "batch_input_shape": [
                        null,
                        64
                    ],
                    "units": 64,
                    "activation": "relu",
                    "use_bias": true,
                    "kernel_initializer": {
                        "class_name": "GlorotUniform",
                        "config": {
                            "seed": null
                        }
                    },
                    "bias_initializer": {
                        "class_name": "Zeros",
                        "config": {}
                    },
                    "kernel_regularizer": null,
                    "bias_regularizer": null,
                    "activity_regularizer": null,
                    "kernel_constraint": null,
                    "bias_constraint": null
                }
            },
            {
                "class_name": "Dense",
                "config": {
                    "name": "dense_3",
                    "trainable": true,
                    "dtype": "float32",
                    "batch_input_shape": [
                        null,
                        64
                    ],
                    "units": 32,
                    "activation": "relu",
                    "use_bias": true,
                    "kernel_initializer": {
                        "class_name": "GlorotUniform",
                        "config": {
                            "seed": null
                        }
                    },
                    "bias_initializer": {
                        "class_name": "Zeros",
                        "config": {}
                    },
                    "kernel_regularizer": null,
                    "bias_regularizer": null,
                    "activity_regularizer": null,
                    "kernel_constraint": null,
                    "bias_constraint": null
                }
            },
            {
                "class_name": "Dense",
                "config": {
                    "name": "dense_4",
                    "trainable": true,
                    "dtype": "float32",
                    "units": 1,
                    "activation": "sigmoid",
                    "use_bias": true,
                    "kernel_initializer": {
                        "class_name": "GlorotUniform",
                        "config": {
                            "seed": null
                        }
                    },
                    "bias_initializer": {
                        "class_name": "Zeros",
                        "config": {}
                    },
                    "kernel_regularizer": null,
                    "bias_regularizer": null,
                    "activity_regularizer": null,
                    "kernel_constraint": null,
                    "bias_constraint": null
                }
            }
        ]
    },
    "keras_version": "2.11.0",
    "backend": "tensorflow"
}